{"cameraMode":{"drawMode":0,"name":"Shaded","section":"Shading Mode"},"sceneLighting":true,"audioPlay":false,"sceneViewState":{"showFog":true,"showMaterialUpdate":false,"showSkybox":true,"showFlares":true,"showImageEffects":true,"showParticleSystems":true},"in2DMode":false,"pivot":{"x":-1.1071951389312745,"y":2.543795585632324,"z":-4.95871114730835},"rotation":{"x":0.24552077054977418,"y":0.20290227234363557,"z":-0.05263886973261833,"w":0.9464834332466126},"size":3.644270181655884,"orthographic":false}